categoria,
Cronaca,
Sport,
Cronaca,
Tecnologia,
Sport,
Cronaca,
Economia,
Ultima Ora,
Mondo,
Sport,
Cultura & Spettacoli,
Tecnologia,
Tecnologia,
Cultura & Spettacoli,
Sport,
Tecnologia,
Mondo,
Cultura & Spettacoli,
Tecnologia,
Ultima Ora,
Sport,
Sport,
Tecnologia,
NULL,
Economia,
Sport,
Cultura & Spettacoli,
Cultura & Spettacoli,
Speciali,
Cultura & Spettacoli,
Politica,
Mondo,
Cultura & Spettacoli,
Cultura & Spettacoli,
NULL,
Sport,
Cronaca,
Sport,
Tecnologia,
Cultura & Spettacoli,
Sport,
Mondo,
Cultura & Spettacoli,
Cultura & Spettacoli,
Mondo,
Sport,
Cultura & Spettacoli,
Ultima Ora,
Cultura & Spettacoli,
Cultura & Spettacoli,
Sport,
Mondo,
Cultura & Spettacoli,
Mondo,
Mondo,
NULL,
Sport,
Sport,
Cultura & Spettacoli,
Cultura & Spettacoli,
Sport,
Cultura & Spettacoli,
Sport,
Sport,
Cultura & Spettacoli,
NULL,
Cronaca,
Mondo,
Mondo,
Cultura & Spettacoli,
Tecnologia,
Sport,
Cultura & Spettacoli,
Cultura & Spettacoli,
Mondo,
Cronaca,
Cultura & Spettacoli,
Mondo,
Cultura & Spettacoli,
Mondo,
Economia,
Mondo,
Cultura & Spettacoli,
Cultura & Spettacoli,
Speciali,
Cultura & Spettacoli,
Mondo,
Sport,
Speciali,
Tecnologia,
Sport,
Cultura & Spettacoli,
Politica,
Economia,
Sport,
Sport,
Sport,
Cultura & Spettacoli,
Economia,
Cultura & Spettacoli,
Economia,
Mondo,
Cronaca,
Cultura & Spettacoli,
Mondo,
Speciali,
Sport,
Cultura & Spettacoli,
Cultura & Spettacoli,
Cultura & Spettacoli,
Sport,
Mondo,
Mondo,
Mondo,
Sport,
Cronaca,
NULL,
Tecnologia,
Economia,
Economia,
Cronaca,
Cultura & Spettacoli,
Cultura & Spettacoli,
Cultura & Spettacoli,
Ultima Ora,
NULL,
Economia,
Sport,
Mondo,
Economia,
Economia,
Tecnologia,
Economia,
Cronaca,
Mondo,
Cultura & Spettacoli,
Mondo,
Sport,
Cultura & Spettacoli,
Sport,
Cronaca,
Sport,
Tecnologia,
Cultura & Spettacoli,
Economia,
NULL,
NULL,
Economia,
Mondo,
Cultura & Spettacoli,
Mondo,
Tecnologia,
NULL,
Economia,
Sport,
Speciali,
Economia,
Cultura & Spettacoli,
NULL,
Mondo,
Sport,
Sport,
Sport,
Tecnologia,
Speciali,
Sport,
Sport,
Cronaca,
Tecnologia,
Sport,
Cultura & Spettacoli,
Cronaca,
Cronaca,
Sport,
Economia,
Sport,
Sport,
Sport,
Cultura & Spettacoli,
Cronaca,
Sport,
Mondo,
Ultima Ora,
Sport,
Economia,
Mondo,
Cultura & Spettacoli,
Mondo,
Mondo,
Mondo,
Economia,
Cultura & Spettacoli,
Tecnologia,
Tecnologia,
NULL,
Sport,
Economia,
Cultura & Spettacoli,
Mondo,
Mondo,
Speciali,
Sport,
Economia,
Cultura & Spettacoli,
Cultura & Spettacoli,
Mondo,
Cultura & Spettacoli,
Tecnologia,
NULL,
Cultura & Spettacoli,
NULL,
Mondo,
Tecnologia,
Mondo,
Mondo,
Sport,
NULL,
Sport,
Cultura & Spettacoli,
Tecnologia,
Cultura & Spettacoli,
Economia,
Cultura & Spettacoli,
Sport,
Mondo,
Economia,
Cultura & Spettacoli,
Economia,
Mondo,
Mondo,
Cultura & Spettacoli,
Economia,
Mondo,
Sport,
Cultura & Spettacoli,
NULL,
NULL,
Cronaca,
Mondo,
Sport,
Mondo,
Cultura & Spettacoli,
Mondo,
Economia,
Sport,
Cronaca,
Sport,
Speciali,
Mondo,
Ultima Ora,
Cultura & Spettacoli,
Cultura & Spettacoli,
Tecnologia,
Tecnologia,
Economia,
Sport,
Economia,
Economia,
Sport,
Sport,
Cultura & Spettacoli,
Sport,
Tecnologia,
Economia,
Sport,
Mondo,
Cultura & Spettacoli,
Sport,
Sport,
NULL,
NULL,
Mondo,
NULL,
Tecnologia,
Cultura & Spettacoli,
Cultura & Spettacoli,
Cultura & Spettacoli,
Mondo,
Tecnologia,
Cultura & Spettacoli,
Cultura & Spettacoli,
Cultura & Spettacoli,
Sport,
Cultura & Spettacoli,
Cultura & Spettacoli,
Mondo,
Speciali,
Sport,
Sport,
Cultura & Spettacoli,
Cultura & Spettacoli,
Economia,
Economia,
Sport,
Cultura & Spettacoli,
Sport,
Mondo,
Sport,
Cultura & Spettacoli,
Speciali,
Ultima Ora,
Cultura & Spettacoli,
Economia,
Economia,
Ultima Ora,
Cultura & Spettacoli,
Cultura & Spettacoli,
Ultima Ora,
Politica,
Tecnologia,
Tecnologia,
Cultura & Spettacoli,
Tecnologia,
Economia,
Ultima Ora,
Economia,
Economia,
Tecnologia,
Mondo,
Economia,
Sport,
Sport,
Sport,
Sport,
Cultura & Spettacoli,
NULL,
Sport,
NULL,
Cultura & Spettacoli,
Mondo,
Politica,
Sport,
Sport,
Cultura & Spettacoli,
Sport,
Mondo,
Cultura & Spettacoli,
Economia,
Mondo,
Cultura & Spettacoli,
Cultura & Spettacoli,
Economia,
Tecnologia,
Sport,
Sport,
Mondo,
Cronaca,
Sport,
Sport,
Economia,
Mondo,
Mondo,
Cronaca,
Sport,
Cultura & Spettacoli,
Tecnologia,
Mondo,
Tecnologia,
Cultura & Spettacoli,
Mondo,
Sport,
NULL,
Mondo,
Tecnologia,
Mondo,
Cronaca,
Cultura & Spettacoli,
Mondo,
Sport,
Sport,
Mondo,
Sport,
Cronaca,
Tecnologia,
Cultura & Spettacoli,
NULL,
Cultura & Spettacoli,
Cultura & Spettacoli,
Cultura & Spettacoli,
Politica,
Economia,
Mondo,
Cronaca,
Tecnologia,
Cultura & Spettacoli,
NULL,
Sport,
Cultura & Spettacoli,
Cultura & Spettacoli,
Economia,
Sport,
Economia,
Sport,
Ultima Ora,
Sport,
NULL,
Tecnologia,
Tecnologia,
Economia,
Cultura & Spettacoli,
Tecnologia,
Cronaca,
Sport,
Cultura & Spettacoli,
Mondo,
Economia,
NULL,
Sport,
Cultura & Spettacoli,
Mondo,
Cultura & Spettacoli,
Politica,
Ultima Ora,
Mondo,
Sport,
Ultima Ora,
Cultura & Spettacoli,
Cultura & Spettacoli,
Sport,
Cultura & Spettacoli,
NULL,
Mondo,
Sport,
Sport,
Speciali,
Sport,
Sport,
Mondo,
NULL,
Mondo,
Economia,
Mondo,
Speciali,
Cultura & Spettacoli,
Sport,
Cultura & Spettacoli,
Sport,
Sport,
Cultura & Spettacoli,
Cronaca,
Economia,
Mondo,
Sport,
Cultura & Spettacoli,
Cultura & Spettacoli,
Cronaca,
Mondo,
Cultura & Spettacoli,
Economia,
Tecnologia,
Tecnologia,
Mondo,
Mondo,
NULL,
NULL,
Tecnologia,
Economia,
Cultura & Spettacoli,
Sport,
Cultura & Spettacoli,
Sport,
Politica,
Cultura & Spettacoli,
NULL,
Sport,
NULL,
Cronaca,
Mondo,
Speciali,
Cultura & Spettacoli,
Sport,
Tecnologia,
Economia,
Cultura & Spettacoli,
Mondo,
Sport,
NULL,
NULL,
Mondo,
Tecnologia,
Tecnologia,
Tecnologia,
Tecnologia,
Mondo,
Cultura & Spettacoli,
Sport,
Sport,
Cultura & Spettacoli,
Cultura & Spettacoli,
Cultura & Spettacoli,
Economia,
Sport,
NULL,
Mondo,
Cronaca,
Cultura & Spettacoli,
Mondo,
Economia,
Mondo,
Speciali,
Mondo,
Sport,
Sport,
NULL,
Cultura & Spettacoli,
Mondo,
Sport,
Cultura & Spettacoli,
Cultura & Spettacoli,
Economia,
Cultura & Spettacoli,
NULL,
Sport,
Cronaca,
Sport,
Cronaca,
Economia,
Economia,
Tecnologia,
Tecnologia,
Sport,
Economia,
Mondo,
Economia,
Sport,
Cultura & Spettacoli,
Sport,
NULL,
Economia,
Mondo,
Cultura & Spettacoli,
Sport,
Sport,
NULL,
Cultura & Spettacoli,
Mondo,
Sport,
Cultura & Spettacoli,
Mondo,
Cultura & Spettacoli,
Economia,
Mondo,
Mondo,
Mondo,
NULL,
Sport,
Sport,
Mondo,
Economia,
Cultura & Spettacoli,
Tecnologia,
Cronaca,
Cultura & Spettacoli,
Sport,
Mondo,
Mondo,
Mondo,
Mondo,
Mondo,
Cronaca,
Ultima Ora,
NULL,
Mondo,
Economia,
Mondo,
Sport,
Cultura & Spettacoli,
Economia,
Cultura & Spettacoli,
Tecnologia,
Cultura & Spettacoli,
Cultura & Spettacoli,
Tecnologia,
Sport,
Economia,
Sport,
Mondo,
NULL,
Cultura & Spettacoli,
Cultura & Spettacoli,
Sport,
Cronaca,
Cultura & Spettacoli,
Cultura & Spettacoli,
Cultura & Spettacoli,
Cronaca,
Mondo,
Politica,
Mondo,
Cultura & Spettacoli,
Mondo,
Speciali,
Mondo,
Mondo,
Sport,
Economia,
Tecnologia,
Cultura & Spettacoli,
Economia,
Cultura & Spettacoli,
Economia,
Tecnologia,
Sport,
Mondo,
Economia,
Economia,
Sport,
Economia,
Cultura & Spettacoli,
Sport,
Cultura & Spettacoli,
Cronaca,
Tecnologia,
Sport,
Mondo,
Tecnologia,
Economia,
Tecnologia,
NULL,
Mondo,
Sport,
Mondo,
NULL,
Mondo,
Cronaca,
Tecnologia,
Sport,
Tecnologia,
Politica,
Mondo,
Tecnologia,
Speciali,
Tecnologia,
Sport,
Sport,
Economia,
Mondo,
Economia,
Ultima Ora,
Mondo,
Cultura & Spettacoli,
NULL,
Cultura & Spettacoli,
Sport,
Sport,
Sport,
Sport,
Cultura & Spettacoli,
Mondo,
Cultura & Spettacoli,
Cultura & Spettacoli,
Cultura & Spettacoli,
Sport,
Speciali,
NULL,
Economia,
NULL,
NULL,
Tecnologia,
Mondo,
Economia,
Mondo,
Mondo,
Sport,
Cultura & Spettacoli,
Sport,
Politica,
Sport,
Cultura & Spettacoli,
Mondo,
Mondo,
Economia,
Sport,
Tecnologia,
Cultura & Spettacoli,
Sport,
Economia,
Tecnologia,
Cultura & Spettacoli,
Mondo,
Mondo,
Sport,
Economia,
Mondo,
Mondo,
NULL,
Sport,
Speciali,
Sport,
Cultura & Spettacoli,
Cultura & Spettacoli,
Economia,
Tecnologia,
Politica,
NULL,
Sport,
Tecnologia,
Sport,
Mondo,
Sport,
Cultura & Spettacoli,
Cultura & Spettacoli,
Sport,
Economia,
Sport,
Sport,
Mondo,
Mondo,
Mondo,
Tecnologia,
Mondo,
Mondo,
Cultura & Spettacoli,
Mondo,
Sport,
Mondo,
Mondo,
Sport,
Cronaca,
Mondo,
Tecnologia,
Speciali,
Cultura & Spettacoli,
Tecnologia,
Cultura & Spettacoli,
Mondo,
Mondo,
Cultura & Spettacoli,
Cronaca,
Mondo,
Sport,
Economia,
Cultura & Spettacoli,
Cultura & Spettacoli,
Cronaca,
Economia,
Mondo,
Tecnologia,
Cultura & Spettacoli,
Speciali,
Sport,
Tecnologia,
Cultura & Spettacoli,
Mondo,
Tecnologia,
Economia,
Economia,
Tecnologia,
Politica,
Mondo,
Cultura & Spettacoli,
Mondo,
Economia,
Cultura & Spettacoli,
Speciali,
NULL,
Economia,
Mondo,
Economia,
Economia,
NULL,
Sport,
Cronaca,
Mondo,
Economia,
Mondo,
NULL,
Cultura & Spettacoli,
Cronaca,
Tecnologia,
Economia,
Cronaca,
Mondo,
Cultura & Spettacoli,
NULL,
Cultura & Spettacoli,
Tecnologia,
Speciali,
Cultura & Spettacoli,
NULL,
Sport,
Cultura & Spettacoli,
Tecnologia,
Sport,
Cultura & Spettacoli,
Mondo,
Sport,
Mondo,
NULL,
Cronaca,
Cultura & Spettacoli,
Sport,
Economia,
Mondo,
Mondo,
Sport,
Cultura & Spettacoli,
Cultura & Spettacoli,
Cultura & Spettacoli,
Economia,
Mondo,
Cultura & Spettacoli,
Mondo,
Mondo,
Economia,
Tecnologia,
Mondo,
NULL,
Mondo,
Cultura & Spettacoli,
Sport,
Politica,
Cultura & Spettacoli,
Speciali,
Tecnologia,
Cultura & Spettacoli,
Mondo,
Tecnologia,
Economia,
Cultura & Spettacoli,
Cultura & Spettacoli,
Mondo,
NULL,
Economia,
Tecnologia,
Cronaca,
Cultura & Spettacoli,
Speciali,
Sport,
Tecnologia,
Cultura & Spettacoli,
Mondo,
Sport,
Sport,
Cultura & Spettacoli,
Sport,
NULL,
Cronaca,
Cultura & Spettacoli,
Cultura & Spettacoli,
Cultura & Spettacoli,
Mondo,
Tecnologia,
Cultura & Spettacoli,
NULL,
Mondo,
Cultura & Spettacoli,
NULL,
Mondo,
Cultura & Spettacoli,
Sport,
Cultura & Spettacoli,
Economia,
Economia,
Sport,
Economia,
Mondo,
NULL,
Sport,
Cultura & Spettacoli,
Cultura & Spettacoli,
Sport,
Mondo,
Sport,
Cultura & Spettacoli,
Speciali,
Sport,
NULL,
Cultura & Spettacoli,
Mondo,
Tecnologia,
Mondo,
Tecnologia,
Mondo,
NULL,
Economia,
Tecnologia,
Economia,
Cultura & Spettacoli,
Sport,
Sport,
Economia,
NULL,
Economia,
Cultura & Spettacoli,
Tecnologia,
NULL,
Economia,
Tecnologia,
Sport,
Sport,
Economia,
Tecnologia,
NULL,
Tecnologia,
Cronaca,
Tecnologia,
Cultura & Spettacoli,
NULL,
Sport,
Tecnologia,
Sport,
Cultura & Spettacoli,
Cultura & Spettacoli,
Cultura & Spettacoli,
Economia,
Sport,
Sport,
Sport,
Cronaca,
Cultura & Spettacoli,
Cultura & Spettacoli,
Cultura & Spettacoli,
Ultima Ora,
Ultima Ora,
Sport,
Cronaca,
Sport,
Cronaca,
Politica,
Economia,
Cultura & Spettacoli,
Speciali,
Politica,
Sport,
Politica,
Tecnologia,
Economia,
Cultura & Spettacoli,
Sport,
Mondo,
Tecnologia,
Sport,
Mondo,
Cultura & Spettacoli,
Cronaca,
Sport,
Cronaca,
Cultura & Spettacoli,
NULL,
Sport,
Economia,
Sport,
NULL,
Economia,
Mondo,
Cultura & Spettacoli,
Tecnologia,
Mondo,
Sport,
Economia,
Economia,
Cronaca,
Cronaca,
Ultima Ora,
Sport,
Mondo,
NULL,
NULL,
Economia,
Cronaca,
Speciali,
Sport,
Cultura & Spettacoli,
Cultura & Spettacoli,
Mondo,
Economia,
Cultura & Spettacoli,
Sport,
Economia,
Cultura & Spettacoli,
Cronaca,
NULL,
Tecnologia,
Cultura & Spettacoli,
Tecnologia,
Cultura & Spettacoli,
Politica,
Economia,
Mondo,
Cronaca,
Mondo,
Tecnologia,
Ultima Ora,
Sport,
Cronaca,
Mondo,
Mondo,
Cronaca,
Sport,
Cultura & Spettacoli,
Mondo,
Sport,
Sport,
NULL,
Cultura & Spettacoli,
Mondo,
Cultura & Spettacoli,
Politica,
Tecnologia,
Ultima Ora,
Ultima Ora,
Cultura & Spettacoli,
Economia,
Mondo,
NULL,
Cultura & Spettacoli,
Economia,
Cultura & Spettacoli,
Tecnologia,
Sport,
Sport,
Cronaca,
Cultura & Spettacoli,
Cultura & Spettacoli,
Mondo,
Mondo,
Economia,
Sport,
Tecnologia,
Cultura & Spettacoli,
Cronaca,
Economia,
Sport,
